decade,valencia,activacion
1970,-0.300000000,0.197580645
1980,0.024609375,0.532421875
1990,0.045622896,0.482659933
2000,0.213948498,0.619742489
2010,0.118918919,0.588676608
2020,-0.000585937,0.547135417